website,category,article_url
https://www.bbc.com,culture,https://www.bbc.com/culture/article/20250702-why-alice-cooper-saved-the-hollywood-sign
https://www.bbc.com,culture,https://www.bbc.com/culture/article/20250625-10-of-the-best-films-to-watch-this-july
https://www.bbc.com,culture,https://www.bbc.com/culture/article/20250623-nine-of-the-best-tv-shows-to-watch-this-july
https://www.bbc.com,culture,https://www.bbc.com/culture/article/20250703-how-superman-started-out-as-a-radical-rebel
https://www.bbc.com,culture,https://www.bbc.com/culture/article/20250702-all-fours-the-radical-erotic-novel-that-has-divided-readers
https://www.bbc.com,culture,https://www.bbc.com/culture/article/20250701-the-inside-story-of-the-wildest-shoot-in-film-history-apocalypse-now
https://www.bbc.com,culture,https://www.bbc.com/culture/article/20250627-the-unspoken-rules-and-dress-codes-for-attending-wimbledon-tennis
https://www.bbc.com,culture,https://www.bbc.com/culture/article/20250630-jurassic-world-rebirth-review
https://www.bbc.com,culture,https://www.bbc.com/culture/article/20250627-how-the-trial-of-nazi-war-criminal-klaus-barbie-shook-the-world
https://www.bbc.com,culture,https://www.bbc.com/culture/article/20250620-the-story-of-the-first-ever-glastonbury-festival-in-1970
https://www.bbc.com,culture,https://www.bbc.com/culture/article/20250611-the-mysterious-murder-of-gods-banker-roberto-calvi
https://www.bbc.com,culture,https://www.bbc.com/culture/article/20250606-how-jurassic-park-made-dinosaurs-into-film-stars
https://www.bbc.com,culture,https://www.bbc.com/culture/article/20250530-the-1960s-sex-scandal-that-rocked-british-politics
https://www.bbc.com,culture,https://www.bbc.com/culture/article/20250522-the-first-men-to-conquer-everests-death-zone
https://www.bbc.com,culture,https://www.bbc.com/culture/article/20250512-the-only-x-rated-winner-of-the-best-picture-oscar
